Library Name / ID	Index 1 (i7) sequence	Index 2 (i5) sequence
am01	AACCGTGT	TATGGCAC
am02	ACAGTGAC	TATGGCAC
am03	CTAGCAGT	TATGGCAC
am04	ACCTCTTC	TATGGCAC
am05	TACTAGCG	TATGGCAC
am06	ACAACAGC	TATGGCAC
am07	CGCAATGT	TATGGCAC
am08	CAGTGCTT	TATGGCAC
am09	TCTAGGAG	TATGGCAC
am10	AACCGTGT	TAACGTCG
am11	ACAGTGAC	TAACGTCG
am12	CTAGCAGT	TAACGTCG
am13	AACCGTGT	ATAACGCC
am14	ACAGTGAC	ATAACGCC
am15	CTAGCAGT	ATAACGCC
am16	ACCTCTTC	ATAACGCC
am17	TACTAGCG	ATAACGCC
am18	ACAACAGC	ATAACGCC
am19	CGCAATGT	ATAACGCC
am20	CAGTGCTT	ATAACGCC
am21	TCTAGGAG	ATAACGCC
am22	ACCTCTTC	TAACGTCG
am23	TACTAGCG	TAACGTCG
am24	ACAACAGC	TAACGTCG
am25	AACCGTGT	GTAGTACC
am26	ACAGTGAC	GTAGTACC
am27	CTAGCAGT	GTAGTACC
am28	ACCTCTTC	GTAGTACC
am29	TACTAGCG	GTAGTACC
am30	ACAACAGC	GTAGTACC
am31	CGCAATGT	GTAGTACC
am32	CAGTGCTT	GTAGTACC
am33	TCTAGGAG	GTAGTACC
am34	CGCAATGT	TAACGTCG
am35	CAGTGCTT	TAACGTCG
am36	TCTAGGAG	TAACGTCG
am37	AACCGTGT	CGCGTATT
am38	ACAGTGAC	CGCGTATT
am39	CTAGCAGT	CGCGTATT
am40	ACCTCTTC	CGCGTATT
am41	TACTAGCG	CGCGTATT
am42	ACAACAGC	CGCGTATT
am43	CGCAATGT	CGCGTATT
am44	CAGTGCTT	CGCGTATT
am45	TCTAGGAG	CGCGTATT
am46	AACCGTGT	CCTTCCAT
am47	ACAGTGAC	CCTTCCAT
am48	CTAGCAGT	CCTTCCAT
am49	AACCGTGT	ATCCACGA
am50	ACAGTGAC	ATCCACGA
am51	CTAGCAGT	ATCCACGA
am52	ACCTCTTC	ATCCACGA
am53	TACTAGCG	ATCCACGA
am54	ACAACAGC	ATCCACGA
am55	CGCAATGT	ATCCACGA
am56	CAGTGCTT	ATCCACGA
am57	TCTAGGAG	ATCCACGA
am58	ACCTCTTC	CCTTCCAT
am59	TACTAGCG	CCTTCCAT
am60	ACAACAGC	CCTTCCAT
