gc3f_id	primer_plate	row	col	sample_id	pcr_well	r_barcode	f_barcode
am01	DD	A	1	G2N01	B1	AACCGTGT	TATGGCAC
am02	DD	A	2	G2N02	B2	ACAGTGAC	TATGGCAC
am03	DD	A	3	G2N03	B3	CTAGCAGT	TATGGCAC
am04	DD	A	4	G2N04	B4	ACCTCTTC	TATGGCAC
am05	DD	A	5	G2N05	B5	TACTAGCG	TATGGCAC
am06	DD	A	6	G2N06	B6	ACAACAGC	TATGGCAC
am07	DD	A	7	G2N07	B7	CGCAATGT	TATGGCAC
am08	DD	A	8	G2N08	B8	CAGTGCTT	TATGGCAC
am09	DD	A	9	G2N09	B9	TCTAGGAG	TATGGCAC
am10	DD	F	1	G2N10	B10	AACCGTGT	TAACGTCG
am11	DD	F	2	G2N11	B11	ACAGTGAC	TAACGTCG
am12	DD	F	3	G2N12	B12	CTAGCAGT	TAACGTCG
am13	DD	B	1	G2P01	C1	AACCGTGT	ATAACGCC
am14	DD	B	2	G2P02	C2	ACAGTGAC	ATAACGCC
am15	DD	B	3	G2P03	C3	CTAGCAGT	ATAACGCC
am16	DD	B	4	G2P04	C4	ACCTCTTC	ATAACGCC
am17	DD	B	5	G2P05	C5	TACTAGCG	ATAACGCC
am18	DD	B	6	G2P06	C6	ACAACAGC	ATAACGCC
am19	DD	B	7	G2P07	C7	CGCAATGT	ATAACGCC
am20	DD	B	8	G2P08	C8	CAGTGCTT	ATAACGCC
am21	DD	B	9	G2P09	C9	TCTAGGAG	ATAACGCC
am22	DD	F	4	G2P10	C10	ACCTCTTC	TAACGTCG
am23	DD	F	5	G2P11	C11	TACTAGCG	TAACGTCG
am24	DD	F	6	G2P12	C12	ACAACAGC	TAACGTCG
am25	DD	C	1	G5N01	D1	AACCGTGT	GTAGTACC
am26	DD	C	2	G5N02	D2	ACAGTGAC	GTAGTACC
am27	DD	C	3	G5N03	D3	CTAGCAGT	GTAGTACC
am28	DD	C	4	G5N04	D4	ACCTCTTC	GTAGTACC
am29	DD	C	5	G5N05	D5	TACTAGCG	GTAGTACC
am30	DD	C	6	G5N06	D6	ACAACAGC	GTAGTACC
am31	DD	C	7	G5N07	D7	CGCAATGT	GTAGTACC
am32	DD	C	8	G5N08	D8	CAGTGCTT	GTAGTACC
am33	DD	C	9	G5N09	D9	TCTAGGAG	GTAGTACC
am34	DD	F	7	G5N10	D10	CGCAATGT	TAACGTCG
am35	DD	F	8	G5N11	D11	CAGTGCTT	TAACGTCG
am36	DD	F	9	G5N12	D12	TCTAGGAG	TAACGTCG
am37	DD	D	1	G5P01	E1	AACCGTGT	CGCGTATT
am38	DD	D	2	G5P02	E2	ACAGTGAC	CGCGTATT
am39	DD	D	3	G5P03	E3	CTAGCAGT	CGCGTATT
am40	DD	D	4	G5P04	E4	ACCTCTTC	CGCGTATT
am41	DD	D	5	G5P05	E5	TACTAGCG	CGCGTATT
am42	DD	D	6	G5P06	E6	ACAACAGC	CGCGTATT
am43	DD	D	7	G5P07	E7	CGCAATGT	CGCGTATT
am44	DD	D	8	G5P08	E8	CAGTGCTT	CGCGTATT
am45	DD	D	9	G5P09	E9	TCTAGGAG	CGCGTATT
am46	DD	G	1	G5P10	E10	AACCGTGT	CCTTCCAT
am47	DD	G	2	G5P11	E11	ACAGTGAC	CCTTCCAT
am48	DD	G	3	G5P12	E12	CTAGCAGT	CCTTCCAT
am49	DD	E	1	NC01	F1	AACCGTGT	ATCCACGA
am50	DD	E	2	NC02	F2	ACAGTGAC	ATCCACGA
am51	DD	E	3	NC03	F3	CTAGCAGT	ATCCACGA
am52	DD	E	4	NC04	F4	ACCTCTTC	ATCCACGA
am53	DD	E	5	NC05	F5	TACTAGCG	ATCCACGA
am54	DD	E	6	PM01	F6	ACAACAGC	ATCCACGA
am55	DD	E	7	PM02	F7	CGCAATGT	ATCCACGA
am56	DD	E	8	PM03	F8	CAGTGCTT	ATCCACGA
am57	DD	E	9	SC01	F9	TCTAGGAG	ATCCACGA
am58	DD	G	4	SC02	F10	ACCTCTTC	CCTTCCAT
am59	DD	G	5	PCRP	F11	TACTAGCG	CCTTCCAT
am60	DD	G	6	PCRN	F12	ACAACAGC	CCTTCCAT
